[
  {
    "id": "dc0d8baf-e04d-4b50-9820-39a27d8540ef",
    "data": [
      {
        "text": "काफ़ी दिनों से बात नहीं हुई",
        "userDefined": false
      }
    ],
    "isTemplate": false,
    "count": 0,
    "lang": "hi",
    "updated": 0
  },
  {
    "id": "c209d1bd-0298-4d95-93e1-fc310174f702",
    "data": [
      {
        "text": "नमस्कार",
        "userDefined": false
      }
    ],
    "isTemplate": false,
    "count": 1,
    "lang": "hi",
    "updated": 0
  },
  {
    "id": "bf087f3e-c70f-4a53-9d49-d238b912d6b1",
    "data": [
      {
        "text": "नमस्ते",
        "userDefined": false
      }
    ],
    "isTemplate": false,
    "count": 3,
    "lang": "hi",
    "updated": 0
  },
  {
    "id": "09267ea7-8a25-4a1d-8359-131cff36b714",
    "data": [
      {
        "text": "क्या हाल है",
        "userDefined": false
      }
    ],
    "isTemplate": false,
    "count": 0,
    "lang": "hi",
    "updated": 0
  },
  {
    "id": "531ec8cc-5bff-4003-a16f-5d4ff71d724c",
    "data": [
      {
        "text": "सुनो, क्या हाल है",
        "userDefined": false
      }
    ],
    "isTemplate": false,
    "count": 0,
    "lang": "hi",
    "updated": 0
  },
  {
    "id": "ac6a0db9-704b-4f61-9bed-1cf18833736a",
    "data": [
      {
        "text": "मेरी तरफ़ से नमस्ते",
        "userDefined": false
      }
    ],
    "isTemplate": false,
    "count": 0,
    "lang": "hi",
    "updated": 0
  }
]